price,lotSize,age,livingArea,pctCollege,bedrooms,fireplaces,bathrooms,rooms
132500,0.09,42,906,35,2,1,1.0,5
181115,0.92,0,1953,51,3,0,2.5,6
109000,0.19,133,1944,51,4,1,1.0,8
155000,0.41,13,1944,51,3,1,1.5,5
86060,0.11,0,840,51,2,0,1.0,3
120000,0.68,31,1152,22,4,1,1.0,8
153000,0.4,33,2752,51,4,1,1.5,8
170000,1.21,23,1662,35,4,1,1.5,9
90000,0.83,36,1632,51,3,0,1.5,8
122900,1.94,4,1416,44,3,0,1.5,6
325000,2.29,123,2894,51,7,0,1.0,12
120000,0.92,1,1624,51,3,0,2.0,6
85860,8.97,13,704,41,2,0,1.0,4
97000,0.11,153,1383,57,3,0,2.0,5
127000,0.14,9,1300,41,3,0,1.5,8
89900,0.0,88,936,57,3,0,1.0,4
155000,0.13,9,1300,41,3,0,1.5,7
253750,2.0,0,2816,71,4,1,2.5,12
60000,0.21,82,924,35,2,0,1.0,6
87500,0.88,17,1092,35,3,0,1.0,6
112000,1.0,12,1056,35,3,0,1.0,7
104900,0.43,21,1600,39,3,0,1.5,4
148635,0.32,1,1576,39,3,0,2.5,7
150000,0.03,24,2080,39,3,0,2.0,6
90400,0.36,16,1600,39,3,0,1.5,4
248800,4.0,28,2224,39,4,0,3.0,10
135000,1.83,126,1656,39,3,0,1.0,6
145000,3.0,26,1170,39,4,0,1.5,5
457000,0.43,53,2461,39,4,1,2.0,10
140000,0.44,56,1544,71,3,1,1.5,7
130000,1.24,51,1220,71,2,2,1.0,4
187000,0.46,3,1858,52,3,1,2.5,7
229000,0.87,9,2219,64,3,1,2.0,8
227000,1.8,201,1876,52,3,0,2.5,5
179900,0.46,1,2026,52,4,1,2.5,6
169900,0.91,19,1671,71,4,1,3.0,8
209900,0.46,1,2060,52,4,1,2.5,7
169900,0.59,0,1884,52,4,1,2.5,9
293000,7.24,43,2022,71,4,2,3.0,6
245900,0.19,0,2394,71,4,1,2.5,7
157000,0.46,45,1390,71,3,1,1.5,6
195000,0.41,32,1954,71,4,0,2.5,8
150000,0.78,54,1554,71,3,1,1.5,5
234900,0.89,9,1976,64,3,0,2.5,6
279550,1.34,0,2479,71,4,1,2.5,10
246500,1.0,0,2714,71,4,1,2.5,9
124000,1.0,98,797,52,2,0,1.0,3
138000,0.27,54,1500,71,3,0,2.5,7
290000,0.71,73,1838,71,4,0,2.0,8
108000,0.9,48,1042,71,2,1,2.0,3
134900,0.24,10,1782,52,3,0,2.5,6
64500,0.06,16,1480,52,2,1,2.5,5
142000,0.55,20,1426,52,3,1,2.0,6
125000,0.34,32,1404,52,3,0,2.0,5
88000,0.19,15,1480,52,3,1,1.5,5
135000,0.23,135,1344,52,3,0,1.0,5
90000,0.07,14,1480,52,2,1,2.5,5
90100,0.09,15,1480,52,3,1,1.5,7
126900,0.25,10,1596,52,3,0,2.5,6
175000,0.47,15,1768,52,3,1,2.0,5
158000,0.36,10,1348,52,2,1,2.0,3
92000,0.07,14,1480,52,3,1,1.5,8
82800,0.11,225,1483,52,3,0,1.0,7
140000,0.23,25,1576,52,4,1,1.5,5
171000,3.16,15,1008,52,2,0,1.0,7
200640,0.08,0,2332,52,4,0,2.5,9
139000,0.57,30,1064,52,3,1,1.0,5
225000,0.5,12,2428,52,4,1,2.5,11
182000,1.0,16,1310,52,3,1,2.0,7
208767,0.5,0,1662,52,3,0,2.0,7
186000,0.55,0,2000,52,4,0,2.5,7
93000,0.1,14,1480,52,3,1,1.5,6
257386,0.5,0,2969,52,4,1,4.0,10
161000,0.31,10,1542,52,3,0,2.5,5
92000,0.28,18,1527,52,4,0,2.0,7
211002,0.06,0,2195,52,4,0,2.5,8
115000,0.06,14,1480,52,3,1,1.5,6
113000,0.46,53,1452,52,3,0,2.0,7
216300,0.1,0,2360,52,4,0,2.5,10
145000,2.12,32,1440,52,3,1,1.0,8
114000,0.06,14,1480,52,2,1,2.5,5
139050,0.21,125,1879,52,3,0,2.5,6
104000,0.06,14,1480,52,3,0,1.5,6
169900,0.26,11,1792,52,3,0,2.5,8
177900,0.29,2,1386,44,3,0,2.5,5
133000,1.29,14,1676,44,2,1,2.0,3
185000,1.0,0,768,22,4,0,2.0,9
115000,0.88,16,1560,22,3,1,1.5,8
100000,0.52,91,1000,22,3,0,1.0,6
117000,0.07,15,1676,51,4,1,1.5,9
150000,0.32,11,1656,51,3,0,1.5,6
187500,0.92,11,2300,51,3,1,1.5,7
107000,0.46,25,1712,51,3,1,1.0,6
126900,0.46,26,1350,51,3,0,1.5,5
147000,0.11,15,1676,51,3,1,2.5,6
62000,0.4,103,1317,51,3,0,1.5,7
101000,0.87,30,1056,51,3,1,2.0,8
143500,0.59,13,912,51,3,0,1.0,7
113400,0.93,18,1232,44,2,0,2.0,3
76320,0.15,68,1380,44,3,1,1.0,5
110000,0.59,10,936,44,3,0,1.0,6
88000,0.33,49,720,44,3,0,1.0,4
108000,0.32,30,1628,44,2,1,1.5,4
114900,0.46,41,1144,44,3,0,1.5,6
146000,0.48,2,1827,44,3,0,2.5,9
225000,2.37,8,1784,44,3,1,2.0,6
138000,0.83,16,1851,44,3,1,2.5,8
218070,1.0,0,2194,44,4,0,2.5,8
25000,0.21,75,920,44,2,0,1.0,6
112000,0.27,36,1280,44,3,0,1.0,5
112500,0.72,43,1232,44,3,1,1.0,5
97000,0.36,45,1406,44,3,0,1.5,6
121000,0.52,6,1164,44,3,0,2.0,5
65720,0.19,123,1198,44,3,0,1.0,5
225000,0.38,10,2206,44,4,1,2.5,8
192000,0.82,0,1880,44,3,1,2.5,9
158500,0.69,6,1368,44,3,0,1.5,8
247000,0.51,16,1901,44,3,1,2.5,5
193777,0.72,11,1547,44,3,0,2.0,8
136500,0.62,12,896,44,3,0,2.0,5
75000,1.0,45,1008,44,3,0,1.0,7
45000,0.52,75,912,44,2,0,1.0,4
243000,0.82,12,2443,44,3,0,2.5,6
90000,0.29,83,900,44,4,0,1.0,7
158000,0.52,0,2098,44,3,0,2.0,7
174000,0.64,9,2115,44,4,1,2.5,7
150000,0.52,12,1344,44,2,1,2.0,7
159650,1.0,3,1106,44,3,0,1.0,8
139062,0.69,33,1440,44,3,2,2.0,6
84950,0.13,0,840,51,2,0,1.0,3
102000,0.22,10,1170,51,2,0,1.0,6
175000,0.46,15,1664,51,4,0,1.0,5
78500,1.0,153,3024,51,4,0,1.0,12
232478,1.0,0,2598,51,4,1,2.5,9
93805,0.13,0,840,51,2,0,1.5,7
119900,1.03,63,1701,41,5,0,1.0,10
146000,1.17,33,1456,41,3,1,1.5,6
125000,0.34,44,1224,71,3,0,1.0,4
135000,0.38,48,1411,71,3,1,1.0,5
157500,1.96,29,1608,71,3,1,1.5,5
135000,3.0,178,3020,41,4,0,2.5,12
142900,0.33,32,1898,64,3,1,1.5,7
259900,0.46,1,2544,64,4,1,2.5,9
85000,0.29,16,1038,64,2,0,1.0,7
180377,0.35,1,1820,64,3,1,2.5,6
163500,0.28,21,2202,64,3,1,2.0,10
106500,0.52,53,2387,64,3,0,1.0,6
115000,0.11,16,1368,64,2,1,1.5,3
115000,0.14,16,1480,64,2,1,2.0,5
135000,0.14,15,1348,64,2,1,1.5,5
198900,0.47,7,1889,64,4,1,2.5,8
139000,0.14,16,1343,64,2,1,1.5,6
206000,0.51,15,2011,64,3,1,2.5,7
120000,0.21,15,1180,64,2,1,1.5,3
205980,0.14,1,1983,64,3,1,2.5,5
275000,0.55,14,2253,64,3,1,2.5,7
139000,0.07,12,1604,64,2,0,1.5,4
89900,0.49,83,1196,45,3,0,1.0,6
139900,0.07,13,1602,64,2,0,2.5,7
172750,0.36,1,1747,64,3,0,2.5,5
136000,0.5,37,1092,64,3,0,1.0,5
270000,0.48,10,2410,64,4,1,2.5,11
174000,0.29,14,1933,64,3,1,2.5,6
379000,0.68,9,3080,64,4,1,2.5,12
382500,4.08,13,4534,64,6,2,2.5,12
144900,0.1,14,1677,64,3,1,2.5,5
349900,0.62,7,2900,64,4,1,2.5,11
133000,0.07,16,1392,64,2,1,1.5,5
115000,0.16,15,1058,64,2,1,1.5,7
211950,0.36,1,2342,64,4,1,2.5,8
227812,0.01,0,2206,64,4,1,2.5,10
164400,0.34,1,1516,64,3,1,2.0,5
340000,0.75,12,2836,64,4,1,2.5,10
139900,0.29,15,1256,64,2,0,1.5,7
279900,0.47,6,2340,64,4,1,3.5,10
225000,0.32,0,2129,64,4,1,2.5,9
144500,0.12,15,1343,64,2,1,2.5,4
362710,1.0,0,2963,64,4,1,2.5,10
247000,0.46,13,2114,64,4,1,3.5,8
120000,0.18,16,1144,64,2,1,1.0,7
136000,0.55,33,988,64,3,1,1.0,7
228500,0.46,9,1475,64,3,0,2.0,4
162800,0.15,10,1247,64,3,0,1.5,7
230000,0.93,48,1912,64,5,1,2.0,10
115800,0.46,23,1440,64,3,0,1.5,5
175000,0.26,16,1596,64,3,1,2.0,6
263008,0.63,0,2665,64,4,1,2.5,11
146000,0.5,35,1984,64,3,0,1.5,8
204900,0.03,10,1616,64,3,0,2.0,6
265000,0.17,9,1917,64,3,1,2.5,5
167500,0.64,37,2592,64,3,1,1.5,9
205000,0.47,6,1845,64,3,1,2.5,9
170000,0.92,53,1360,57,4,0,1.0,9
176000,0.41,35,1664,64,3,1,1.5,6
132000,0.16,15,1098,64,2,1,1.5,3
115500,0.01,17,1214,64,2,0,1.5,4
150000,0.29,93,1046,57,3,0,1.0,6
120000,0.36,103,1144,64,3,0,1.0,8
125000,0.28,16,1140,64,2,1,2.0,6
150000,0.15,14,1232,64,2,1,1.5,5
362360,0.59,0,3020,64,4,1,2.5,9
133500,0.36,19,1508,52,3,1,2.0,6
91000,0.16,19,912,52,2,1,1.5,5
104000,0.34,18,1508,52,3,0,1.5,4
148000,0.33,17,1561,52,3,1,1.5,6
182000,0.56,30,2625,64,4,1,2.5,8
152500,0.48,30,936,52,3,1,1.0,7
97000,0.16,19,912,52,2,0,1.5,3
113000,0.17,16,1492,52,3,0,2.5,8
172000,0.46,30,1599,64,4,1,2.5,5
179900,0.81,25,2304,52,5,1,2.5,9
84000,0.15,19,912,52,2,0,1.5,7
117900,0.15,17,1385,52,2,1,1.5,7
177000,0.32,17,1561,52,4,0,1.5,8
107500,0.16,20,884,52,2,0,2.0,3
92500,0.15,18,912,52,2,0,2.0,4
102900,0.15,17,912,52,2,0,1.5,3
134800,0.48,73,1384,52,3,0,2.0,5
150000,0.77,7,1334,52,3,0,1.5,4
165000,0.42,10,1433,64,3,1,2.0,5
120000,0.17,16,1492,52,3,1,2.5,6
177500,0.32,16,1561,52,4,1,1.5,9
300000,0.09,11,936,52,1,0,1.0,3
123500,0.16,16,1492,52,3,1,2.5,8
141000,0.16,18,1853,52,3,0,2.5,7
105400,0.15,15,1240,52,2,0,1.5,7
100600,0.17,19,912,52,2,0,1.5,6
108900,0.17,19,912,52,2,0,1.5,3
105500,0.16,19,912,52,2,0,1.5,6
109900,0.16,19,1184,52,3,0,1.5,8
172700,0.34,18,1638,52,3,1,2.0,6
166500,0.31,16,1508,52,3,1,2.0,6
105000,0.4,50,672,52,2,0,1.0,5
490000,0.34,18,1346,52,3,1,2.0,6
120000,0.16,18,1184,52,3,0,2.0,5
107500,0.15,16,912,52,2,0,1.5,4
116600,0.15,18,912,52,2,1,1.5,5
65000,0.16,19,988,52,2,0,2.0,4
118000,0.16,19,1184,52,3,0,2.0,6
115900,0.15,16,1385,52,2,0,1.5,4
100000,0.15,18,912,52,2,0,1.5,3
171000,0.37,18,1548,52,3,1,2.0,5
188000,0.31,17,1561,52,4,0,1.5,9
140000,1.0,24,1008,52,2,0,1.0,3
124500,0.15,17,1385,52,2,0,1.5,4
107200,0.16,19,908,52,2,0,1.0,6
107500,0.24,138,2246,39,4,0,1.5,9
180000,2.06,16,1820,39,3,1,2.5,5
214325,0.42,0,2554,64,4,1,2.5,9
128850,0.92,16,824,45,3,0,1.5,5
208700,0.4,0,2458,64,4,1,2.5,9
139900,0.36,22,1324,64,3,0,1.0,4
350000,5.84,12,2916,64,3,1,2.5,9
108000,0.16,19,1032,52,2,0,1.5,4
115500,0.15,16,912,52,2,1,1.5,4
135000,0.98,35,1320,52,2,0,1.0,3
135000,0.33,17,1508,52,3,1,1.5,8
107400,0.16,16,912,52,2,1,1.5,7
233000,0.09,12,2040,52,4,1,2.5,7
105000,0.16,17,912,52,2,1,1.5,5
335000,3.0,10,1776,52,2,0,2.0,6
139000,0.58,25,1304,64,3,0,2.0,8
209500,0.42,10,1836,64,4,1,2.5,8
101000,0.17,18,912,52,2,0,2.0,3
77500,0.16,19,912,52,2,0,1.5,6
150500,0.31,16,1527,52,2,1,2.0,7
167000,0.99,17,1454,39,3,0,1.5,7
114000,0.26,26,1700,39,3,1,1.5,4
160000,0.45,27,1680,45,4,0,1.0,9
85000,0.49,0,2401,64,4,1,2.5,10
143000,0.35,21,1176,64,3,0,1.0,7
126000,0.4,24,1344,64,3,1,1.5,7
140000,0.48,23,1344,64,3,0,1.5,8
140000,0.35,9,1714,64,3,0,2.5,8
205000,0.25,20,1992,64,4,1,3.0,9
79900,0.12,19,924,64,2,0,1.0,7
139000,0.09,24,1290,64,2,1,1.5,3
190000,0.46,36,2521,64,4,1,2.5,10
151500,0.71,58,1377,82,3,1,1.5,7
97500,0.06,19,1237,64,2,1,1.5,6
194500,0.61,41,2310,64,4,1,2.5,7
195160,0.32,0,1863,64,3,1,2.5,9
152500,0.37,26,1693,64,3,1,1.5,8
159500,0.29,26,1684,64,3,1,2.5,4
185000,0.95,16,1585,64,3,1,1.5,4
240000,0.67,8,2290,64,4,1,3.0,9
187900,0.4,32,2464,64,5,1,2.5,9
262000,0.29,5,2549,64,4,1,2.5,12
212500,0.35,6,2316,64,4,1,2.5,7
220000,0.37,18,2600,64,4,1,2.5,8
245000,0.53,15,2677,64,4,1,2.5,10
120000,0.06,19,1479,64,3,0,1.5,4
102500,0.15,16,1138,64,2,0,1.0,7
136000,0.27,24,1576,64,3,0,2.5,4
212500,0.43,10,2084,82,4,1,2.5,9
205900,0.06,26,1726,64,3,1,2.0,8
259900,1.0,2,1851,71,2,2,2.0,4
191500,0.46,30,2310,64,5,1,2.5,12
272500,0.03,0,2930,64,4,1,2.5,12
191500,0.88,33,2576,64,4,1,2.5,10
158000,0.55,36,1664,64,3,1,2.0,8
195000,1.0,24,1237,64,2,0,1.5,3
187500,0.43,29,2662,64,5,1,2.5,9
160000,0.45,35,1575,64,3,1,1.5,7
137500,0.1,12,1566,64,2,0,1.5,7
109900,0.09,16,1326,64,2,1,1.5,4
85000,0.09,18,1480,64,3,0,1.5,8
184350,0.59,0,2161,64,4,1,2.5,11
134500,0.16,10,1352,64,2,1,1.5,3
154900,0.51,33,1648,64,3,0,1.5,8
255000,0.46,25,2936,64,3,1,3.5,12
238600,0.46,1,2404,64,4,1,2.5,10
106000,0.42,36,1738,64,3,0,1.5,9
625000,0.45,14,5228,64,4,4,4.0,12
195000,0.55,34,2576,64,4,1,2.5,12
168500,0.44,34,1586,64,3,1,1.5,7
87000,0.06,19,1480,64,3,0,1.5,5
215000,0.5,15,1917,64,4,1,2.5,7
197500,0.3,30,1938,64,3,1,1.5,9
215000,0.33,3,2110,64,4,1,2.5,8
118000,0.14,19,1479,64,3,0,1.5,5
187900,0.69,34,2576,64,5,1,2.5,9
275000,0.38,18,2445,82,4,2,2.5,9
249900,0.74,14,2185,64,3,1,2.5,7
270000,0.38,18,2078,64,4,1,2.5,8
157900,0.38,37,1674,64,3,1,1.5,5
120000,0.29,19,1228,64,4,0,1.5,9
126400,0.28,22,1375,64,2,1,1.5,7
220000,0.54,16,1650,64,3,1,2.0,5
180000,0.26,31,1718,64,3,1,1.5,9
203600,0.59,33,2576,64,4,1,2.5,9
249900,0.37,4,2280,64,4,1,2.5,7
193000,0.4,18,2088,64,4,1,2.5,10
215000,0.5,15,1917,64,4,1,2.5,9
201000,0.54,29,3140,64,5,1,3.5,10
65000,0.22,73,1029,82,3,0,1.0,4
195000,0.35,36,1896,64,4,1,2.5,7
215900,0.52,38,2310,64,5,1,2.5,9
92000,0.31,17,924,64,2,1,1.0,6
155000,0.38,25,2080,64,3,1,2.5,9
123500,0.08,22,1237,64,3,1,1.5,4
110400,0.1,29,1287,64,3,0,1.5,5
198900,0.44,18,1847,64,3,1,2.5,7
150000,0.26,49,1064,64,3,0,1.0,8
104000,0.07,18,1480,64,3,1,1.5,4
245000,0.48,23,2462,64,5,2,3.5,8
180000,0.41,17,2228,64,3,1,2.5,7
154300,0.42,61,1260,82,3,0,1.0,8
170000,0.45,30,1559,64,4,1,2.5,5
219000,0.6,25,1980,64,4,1,2.5,10
295000,0.95,9,2380,82,3,1,2.5,6
181500,0.56,27,1887,64,4,1,2.5,8
260000,1.25,133,2185,64,4,1,1.5,11
239900,0.7,15,2488,64,4,1,2.5,7
135500,0.67,56,1152,64,1,0,2.0,3
191500,0.66,15,2025,64,4,1,2.5,9
225000,0.62,37,2521,64,5,1,2.5,12
98500,0.08,18,1480,64,3,0,1.5,4
110500,0.08,17,1480,64,3,1,1.5,5
290000,0.51,7,2362,64,4,1,2.5,8
184400,0.28,31,1910,64,3,1,1.5,7
178500,1.0,12,1952,71,3,2,2.0,9
415000,0.58,9,3358,64,4,1,3.5,12
244900,0.43,26,2090,64,4,1,2.5,7
150000,0.55,35,1965,64,5,1,2.0,11
168000,0.49,33,2110,64,4,1,1.5,9
159000,0.39,43,1456,64,4,0,2.5,9
127000,0.06,18,1479,64,3,0,1.5,7
175000,0.46,29,1874,64,4,1,2.5,7
255250,0.5,0,2099,64,4,1,2.5,8
175000,0.6,33,1872,64,3,1,2.5,8
235000,0.41,17,2388,64,4,1,2.5,11
324000,0.53,18,2812,64,4,1,2.5,12
173000,0.21,11,1064,64,2,1,2.0,4
116900,0.06,20,1375,64,2,0,1.5,7
105900,0.09,19,1480,64,3,0,1.5,5
112000,0.13,25,1260,64,2,1,1.5,5
235000,0.72,15,2086,64,3,1,2.5,5
235000,1.0,9,2588,64,4,1,2.5,12
130000,0.18,18,1480,64,3,0,1.5,4
235000,0.74,10,1752,64,3,1,2.5,7
191900,0.48,32,2660,64,4,1,2.5,11
284900,0.58,20,2417,64,3,1,2.5,9
335000,0.01,21,2793,64,3,1,2.5,7
140000,1.0,78,1152,64,2,0,1.0,6
191000,0.41,29,2344,64,4,1,2.5,9
153000,0.51,33,1926,64,4,1,1.5,6
196000,0.55,35,2208,64,4,1,2.5,9
248000,0.46,16,2208,64,3,1,2.5,7
240000,0.6,35,2708,64,5,2,2.5,12
132000,0.19,18,1142,64,3,0,1.5,6
199000,1.42,32,2529,64,3,1,2.0,7
217000,0.69,20,1797,64,4,0,2.0,9
167000,0.51,31,1611,64,3,1,1.5,4
245000,0.29,13,2576,64,4,1,2.5,10
358000,0.06,10,2653,82,4,0,2.5,10
412500,0.6,13,3896,64,5,2,4.5,12
208000,0.53,16,1585,64,3,1,1.0,6
270000,0.38,10,2774,64,4,1,2.5,8
100000,0.74,54,1283,64,2,1,1.0,3
130000,0.56,29,1136,64,3,0,1.0,6
182500,0.71,32,1896,64,4,1,2.5,6
139000,2.84,55,1536,64,2,1,1.0,7
104000,0.09,19,1480,64,3,1,1.5,5
221000,0.52,14,2096,64,4,1,2.5,8
260000,1.0,8,2324,64,4,0,2.5,7
182500,0.5,29,2079,64,4,1,2.5,7
196000,0.43,33,1911,64,4,1,1.5,10
132000,0.09,18,1480,64,3,1,1.5,7
224900,0.11,25,2208,64,4,1,2.5,10
199900,0.24,9,1462,64,3,0,2.5,7
165835,0.39,38,1794,64,4,1,1.5,10
189000,0.8,38,1886,64,4,1,2.5,9
89900,0.19,19,1080,64,3,0,1.5,7
235000,0.59,34,2576,64,5,1,3.0,11
166000,0.48,26,1508,64,4,1,1.5,5
153100,0.46,35,1672,64,4,1,1.0,5
162000,0.4,35,1739,64,4,1,1.5,9
224000,0.52,40,3074,64,7,1,2.5,12
222400,0.86,3,1976,64,3,1,2.5,8
199000,0.46,37,2302,64,4,1,2.5,8
166000,0.95,13,1480,51,3,1,2.0,4
149900,0.63,11,960,54,2,0,2.0,5
152000,0.42,16,1582,36,3,0,1.5,8
162500,0.34,154,1600,54,4,0,1.0,7
274900,0.5,5,2320,54,4,0,2.5,9
100000,0.2,14,1034,54,2,0,1.5,5
215000,2.96,19,1488,57,3,0,1.5,8
124000,1.0,17,1056,57,3,0,1.0,8
125000,1.0,128,864,57,3,0,1.0,6
138000,1.0,19,1552,57,3,1,2.0,4
225000,0.52,11,1816,57,3,1,1.5,6
180000,0.48,20,1530,57,3,1,2.0,6
189900,0.33,14,1756,54,4,0,2.0,8
435000,1.0,25,4211,57,5,2,3.5,12
120000,2.6,10,2206,57,3,1,2.5,7
163000,0.15,64,1092,36,2,0,1.0,6
131000,2.8,114,1594,36,7,0,1.0,10
126500,0.08,15,1480,54,3,1,2.5,8
122500,0.14,15,1480,54,3,1,1.5,4
425000,0.46,88,3003,57,4,1,3.5,12
225000,0.63,54,2164,57,2,0,1.5,7
209000,3.8,19,1519,57,2,0,1.0,3
189100,0.46,15,1604,57,3,1,2.5,4
285000,0.98,25,1400,57,3,1,2.0,5
266600,1.0,12,1752,57,4,0,1.0,7
80000,1.0,32,880,57,2,0,1.5,6
225000,6.07,14,1240,57,3,0,2.0,5
159000,0.03,17,1514,36,3,1,1.5,8
119900,0.18,2,840,36,1,0,1.0,6
130900,0.11,1,840,36,2,0,1.0,3
194670,0.28,124,2592,36,4,0,1.5,12
72000,0.18,121,1010,36,3,0,1.0,7
144700,0.16,2,1380,36,3,0,1.5,6
139500,0.15,3,1366,36,3,0,1.5,8
319000,0.5,5,1681,57,3,1,2.5,4
348000,3.68,14,2037,36,3,1,2.0,9
189900,0.98,16,2570,36,3,0,1.5,10
20000,0.52,59,936,20,2,0,1.0,4
60000,0.01,13,960,41,2,0,1.5,7
179500,0.91,11,1352,30,3,1,1.5,5
133300,0.34,118,1060,41,4,0,1.0,8
153000,2.06,6,1508,30,3,0,2.0,5
111900,0.35,54,1272,60,4,1,1.5,9
187000,0.47,18,2389,27,6,0,3.0,11
158500,0.7,17,1210,60,2,1,1.0,4
153000,0.39,52,1230,60,3,1,1.0,6
190000,0.52,47,1832,60,4,1,2.0,8
242000,1.27,27,1854,60,3,1,1.5,8
234500,2.0,164,2268,60,3,0,2.5,10
225000,0.68,29,1807,60,3,1,1.5,8
165000,0.38,48,1272,60,4,1,1.5,5
129900,0.28,12,1560,47,3,1,1.0,8
315000,0.07,15,1863,47,3,1,3.5,7
129900,0.24,64,1120,47,2,0,1.0,3
257000,0.26,15,1832,47,2,1,2.5,8
324000,3.64,0,2092,47,4,1,2.5,8
520000,0.41,13,2702,47,3,1,2.5,11
150414,0.46,32,1040,47,3,1,1.5,5
290000,0.15,13,1758,47,2,1,2.5,6
112000,0.16,116,2326,27,3,0,2.0,7
185000,1.0,13,2340,27,3,0,1.5,8
295000,2.61,1,2058,27,3,1,2.5,9
290000,1.0,33,944,27,1,1,1.0,4
79900,0.19,44,640,20,2,0,1.0,6
256000,0.83,6,2353,60,4,1,2.5,8
245000,1.0,7,2038,54,4,1,2.5,7
140000,0.42,32,1469,60,4,0,1.5,9
272000,0.87,10,2219,63,3,1,2.0,10
164000,0.68,16,1774,54,4,0,2.0,7
182500,0.38,51,1296,60,4,1,2.0,9
219900,1.1,124,2289,60,4,1,1.5,9
325000,0.8,134,2463,60,5,2,2.5,12
352000,0.95,2,3126,54,4,0,2.5,12
315000,4.1,15,2550,54,3,0,2.5,7
154000,0.34,49,1182,60,2,0,1.0,6
199000,0.09,48,1890,60,4,1,2.0,7
202000,1.0,12,1944,36,3,1,2.5,7
292000,0.57,6,2815,57,4,1,2.5,10
116600,1.0,11,1040,57,3,1,2.0,7
155000,0.48,25,1638,57,4,0,2.0,5
215000,0.14,13,2206,57,4,1,2.5,9
373490,0.19,0,3170,57,4,1,3.5,12
259142,0.5,0,2328,57,4,1,2.5,10
293565,0.35,0,2737,57,4,1,3.0,8
285558,0.21,0,2879,54,4,0,3.0,8
273960,3.47,1,2158,54,3,1,2.0,10
185000,0.55,11,1336,57,3,1,2.0,7
190000,0.53,4,1594,54,3,0,2.5,6
171000,0.54,11,1603,57,3,0,1.5,4
208000,0.54,11,2190,57,4,0,2.5,11
168000,0.32,10,1478,54,3,1,2.5,5
165000,0.25,10,1348,54,2,0,2.0,7
138500,0.32,36,1558,54,3,1,1.0,6
179900,0.5,13,1574,54,3,1,1.5,7
180000,0.04,13,1612,54,4,0,2.0,7
112000,0.21,129,1216,54,3,0,1.0,7
152000,0.17,124,2256,54,4,0,1.5,8
100000,0.51,28,1170,54,3,1,1.5,4
154000,0.17,29,1456,57,3,0,2.0,6
133000,0.11,29,1320,57,3,0,3.0,5
285000,0.14,14,2076,57,4,1,2.5,10
138000,1.0,22,1326,57,3,0,2.0,5
303000,0.18,20,2240,57,4,1,2.5,10
250000,1.29,19,2100,57,4,1,3.0,7
167500,1.0,27,1129,38,2,0,1.0,7
190000,0.6,19,2296,57,4,1,2.5,7
182500,0.46,20,1475,57,3,1,2.0,8
107000,1.03,20,1268,57,3,1,1.0,6
195000,0.47,15,1816,57,3,1,2.0,7
169000,0.5,30,1632,57,4,1,2.5,8
156000,0.26,11,1254,54,2,0,1.5,5
120000,0.49,30,1272,57,3,0,1.0,4
170000,0.28,29,1604,57,4,0,1.5,6
249835,0.52,0,2474,57,4,1,2.5,11
188095,0.15,0,2057,57,3,1,2.5,9
176450,0.05,6,1852,57,3,0,2.5,8
322277,0.09,1,2242,57,3,0,3.0,8
149000,0.49,32,1564,57,4,1,1.5,9
95000,0.19,24,960,57,3,0,1.0,6
198500,0.1,63,1680,57,2,0,2.5,7
185000,0.03,3,1428,57,2,1,2.5,6
168900,0.16,0,1672,57,3,0,2.5,7
220000,0.28,29,2284,57,3,1,1.5,6
129900,0.32,31,1286,57,3,1,1.0,4
167000,0.23,53,1250,57,3,0,1.0,4
330000,0.12,113,1896,57,4,0,1.5,8
336000,0.15,1,2592,57,3,0,3.0,10
512971,0.01,0,1904,57,2,1,2.0,8
229000,0.29,3,1680,57,3,0,2.0,6
145000,0.16,38,1152,57,2,1,1.0,7
103000,0.07,16,1290,57,3,1,1.5,5
210000,0.17,93,2396,57,4,1,1.5,11
559000,0.24,55,3090,57,4,2,4.0,12
218000,0.21,142,1428,57,3,0,1.0,8
262138,0.15,0,1631,57,3,1,2.5,4
125000,0.24,33,1368,57,3,0,1.0,7
130000,0.16,36,1134,57,3,0,1.0,4
157500,0.3,27,1697,57,3,1,1.5,6
193000,0.3,6,1666,57,3,1,2.5,4
275000,0.12,78,1738,57,4,1,2.5,6
240000,0.15,103,1457,57,2,0,1.5,7
200136,0.15,0,1632,57,3,1,2.5,7
395000,1.4,12,2186,57,3,0,2.5,6
366703,0.15,0,2117,57,3,1,2.5,6
103150,0.25,32,936,57,3,1,1.0,8
310000,0.17,169,3347,57,6,2,2.5,12
142900,0.36,32,1824,57,4,1,2.5,10
359770,0.16,1,2592,57,3,0,3.0,8
126000,0.68,64,1080,57,2,0,1.0,7
760000,1.22,2,3148,57,5,0,3.5,12
282500,0.25,150,2128,57,3,1,1.5,8
132000,0.06,18,1616,57,3,0,1.5,8
325000,0.23,5,3313,57,4,1,2.5,12
207000,0.48,25,2327,57,3,1,1.5,10
155000,0.24,32,1640,57,4,1,1.5,7
330000,0.12,73,1421,57,3,0,1.5,5
101760,0.15,103,1280,57,2,1,1.0,3
496000,0.34,3,3467,57,4,1,2.5,11
185000,0.11,83,1250,57,3,0,1.5,5
125000,0.25,33,1368,57,3,0,1.0,5
286000,0.13,1,1396,57,3,0,2.5,8
269000,0.04,15,2004,57,3,1,2.5,8
303374,0.12,1,2242,57,3,0,3.0,6
371165,0.39,0,2786,57,4,1,2.5,8
287600,0.07,0,2242,57,3,0,2.5,6
131000,0.34,33,1404,57,3,0,1.0,6
187000,1.0,25,1600,57,3,1,1.5,7
169000,0.04,103,1408,57,2,0,1.0,3
133500,0.21,37,972,57,3,0,1.0,8
620000,1.06,14,4856,57,5,2,4.0,12
549254,0.25,0,2885,57,3,1,2.5,11
280000,0.09,82,1560,57,2,0,1.0,6
135000,0.26,33,1472,57,3,0,1.0,8
195388,0.14,0,2124,57,3,1,2.5,10
337020,0.15,1,2162,57,3,1,2.5,7
330850,0.46,0,2515,57,4,1,2.5,8
248495,0.63,0,2294,57,4,1,2.5,11
120000,0.26,123,1744,57,4,0,1.0,6
240000,0.48,0,2022,57,3,1,2.5,8
235000,0.22,34,1578,57,3,0,2.0,8
500075,0.91,0,3400,57,3,0,3.0,12
240000,0.07,13,1744,57,3,1,2.5,6
270000,0.46,0,2560,57,3,1,2.5,9
225000,0.12,51,1398,57,3,0,2.5,4
280000,0.16,0,2494,57,3,0,2.5,8
225000,0.48,27,2208,57,4,2,2.5,11
248220,0.46,0,2550,57,3,1,2.5,7
275000,0.03,16,1812,57,2,1,2.5,7
137000,0.12,50,1290,57,2,0,1.0,3
150000,0.14,16,1172,57,2,0,2.0,3
649000,1.04,10,4128,57,3,2,3.5,12
195000,0.49,17,1816,57,3,1,2.5,5
373200,0.65,4,2628,57,4,1,2.5,8
169450,0.15,0,1254,57,3,1,2.5,4
144200,0.15,113,1660,57,4,1,1.5,9
189900,0.5,43,1850,57,3,1,1.5,7
166000,0.14,0,1258,57,3,0,2.0,8
160000,0.23,0,1219,57,3,0,2.0,5
327355,0.14,14,1850,57,3,1,2.5,6
247000,0.29,9,2103,57,3,0,2.5,7
318000,0.23,3,1806,57,3,1,2.5,8
341000,0.23,52,1674,57,2,1,1.5,4
288650,0.08,0,2242,57,3,0,2.5,10
157000,0.03,103,1408,57,3,0,1.5,4
449000,1.0,20,3457,57,3,2,2.5,12
142000,0.16,28,1728,57,3,0,1.5,6
389000,1.0,16,2354,57,3,2,2.5,6
476000,0.42,4,2246,57,3,1,2.5,9
249230,0.18,0,1902,57,2,1,2.5,4
139900,0.3,30,1178,57,3,0,1.0,7
301900,0.73,0,2896,57,4,1,3.5,11
425000,1.03,24,2457,57,3,1,3.0,9
121000,0.25,32,936,57,3,0,1.0,8
150000,0.19,123,934,57,2,0,1.0,7
138000,0.29,30,1279,57,3,1,1.0,6
199900,0.39,6,1888,57,3,0,2.0,5
145000,0.27,33,1686,57,4,1,1.5,7
465000,0.25,22,2310,57,2,1,3.0,7
158000,0.32,1,1200,57,3,0,1.5,4
375000,0.27,50,1944,57,3,1,2.5,7
147783,0.36,51,1184,57,3,0,1.0,5
339000,0.36,3,2000,57,3,1,2.5,5
267000,0.07,14,1744,57,3,1,2.5,9
290000,0.12,3,1620,57,3,1,2.5,7
271295,0.35,1,2359,57,4,0,2.5,11
278140,0.62,1,2230,57,3,0,2.5,10
138000,0.07,94,1147,57,2,0,1.5,3
367500,0.27,2,2205,57,3,1,2.5,10
428500,0.42,4,3243,57,4,0,2.5,11
140000,0.48,34,1431,57,3,0,1.5,5
140000,0.36,35,936,57,3,0,1.0,7
145000,0.3,33,1368,57,3,0,1.5,7
280000,0.07,16,1800,57,3,1,2.5,8
190400,0.17,16,1920,57,3,1,1.5,9
267000,0.11,83,1416,57,3,0,2.0,7
164900,0.14,77,616,57,2,0,1.0,5
280000,0.1,79,1488,57,4,0,1.5,5
225000,0.11,84,1320,57,3,1,1.5,6
148000,0.06,18,1250,57,2,0,1.5,5
165000,0.32,32,1286,57,3,1,1.0,6
340455,0.38,0,2886,57,4,1,2.5,10
133000,0.42,36,1279,57,3,1,1.0,4
115540,0.2,104,1074,57,3,0,1.0,7
240000,0.58,52,1304,57,3,1,1.0,4
600000,0.04,17,3191,57,3,2,3.5,12
71500,0.3,44,1056,57,3,0,1.0,5
189900,0.03,18,1468,57,3,1,2.5,4
325000,0.08,115,1598,57,3,0,1.5,6
280000,0.14,84,1160,57,3,0,1.5,4
255000,0.12,104,1028,57,2,0,1.0,5
300000,0.2,104,2014,57,6,0,1.0,11
106000,0.48,34,1296,57,3,0,1.0,7
139000,0.27,56,932,57,2,0,1.0,3
165000,0.06,15,1290,57,3,1,1.5,5
169000,0.17,19,1448,57,2,0,1.5,5
159400,0.24,29,1368,57,3,0,1.0,5
300000,0.87,25,3046,57,4,1,1.5,11
161000,0.23,32,1272,57,3,0,1.5,8
230500,0.59,18,1822,57,4,0,2.5,6
220000,0.41,31,1579,57,4,0,1.5,6
177900,0.29,32,1660,57,4,1,1.5,7
350000,0.32,36,2452,57,3,1,2.5,10
335000,0.14,94,2004,57,3,0,2.0,9
597185,1.07,0,4210,57,4,1,3.5,12
173000,0.33,32,1640,57,4,0,1.5,9
518000,0.17,144,2847,57,3,1,1.5,7
212000,0.5,18,1816,57,3,1,2.0,7
149900,0.87,19,2028,57,4,0,2.0,10
140958,0.22,40,775,57,2,0,1.0,7
95000,0.33,34,1368,57,2,0,1.0,6
161600,0.24,34,936,57,3,0,1.5,8
351400,0.15,1,1680,57,2,1,2.5,4
155000,0.3,33,1368,57,3,0,1.0,6
198500,0.4,34,1326,57,3,1,1.5,7
276000,0.21,62,1579,57,3,1,2.0,4
167000,0.25,32,1286,57,3,0,1.0,8
227000,0.84,25,2132,57,3,2,2.5,7
405100,0.39,3,2000,57,3,1,2.5,6
395000,0.14,3,2222,57,3,0,2.5,6
360000,0.41,99,2641,57,4,0,2.0,9
775000,0.0,5,2472,57,3,1,2.5,9
285000,0.07,16,1926,57,2,2,3.0,6
300000,0.12,4,1534,57,3,0,2.5,8
214000,0.25,39,1490,57,3,0,1.5,4
229000,0.22,46,1126,57,3,1,2.0,8
330000,0.23,33,1435,57,3,0,1.5,8
146000,0.42,44,1136,57,3,0,1.5,8
381500,0.15,2,2162,57,3,1,2.5,9
430000,0.34,5,2328,57,3,1,2.5,7
650000,0.43,2,2754,57,3,1,2.5,10
194500,0.17,40,1504,57,4,0,1.5,6
279000,0.39,14,2473,57,4,1,3.5,7
183000,0.31,35,2072,57,4,1,2.5,8
195000,0.03,18,1480,57,3,1,2.5,7
470000,0.17,135,2096,57,3,2,2.5,8
167000,0.11,80,1050,57,2,0,1.0,6
309278,0.02,17,1650,57,2,1,2.5,5
217500,0.34,26,1596,57,3,0,1.5,6
200000,0.17,44,979,57,3,0,2.0,8
199995,0.16,18,1393,57,2,0,1.5,6
179000,0.46,44,864,57,2,0,1.0,7
329000,1.0,1,2744,57,4,0,2.5,10
374900,0.06,15,2300,57,3,1,3.0,10
165000,0.29,34,1612,57,3,1,1.0,5
647000,1.08,14,2640,57,4,1,2.5,12
315000,0.63,19,775,57,1,0,1.0,6
208000,0.34,26,2470,57,4,1,2.5,10
405000,0.58,6,3124,57,4,1,3.0,9
535000,1.0,14,3254,57,4,1,2.5,12
184020,0.4,34,1544,57,3,0,2.5,7
95000,0.17,139,1410,38,6,0,1.5,9
87550,0.46,44,906,38,2,0,1.0,3
131000,0.23,66,1512,38,3,1,1.0,8
127000,0.2,77,1232,38,3,1,1.0,8
104695,0.21,54,921,38,2,0,1.0,7
120000,0.18,70,1287,38,3,0,1.0,4
278500,0.16,17,2600,38,4,0,3.0,12
75500,0.13,124,1302,38,3,0,2.0,8
121900,0.47,20,1144,38,3,0,1.0,6
208000,0.45,39,1703,38,3,0,2.0,6
151000,0.59,15,1553,38,3,1,2.0,4
138000,0.38,15,1040,38,2,0,1.0,3
229000,0.55,11,2124,38,4,0,3.0,10
130000,0.52,13,1344,38,3,0,2.0,5
89900,0.46,66,884,38,2,0,1.0,3
145000,0.76,11,1812,38,3,0,1.5,7
86000,0.46,43,880,38,3,0,1.0,4
95000,0.17,134,1256,38,3,0,2.0,5
195000,0.34,15,1826,38,3,1,2.5,6
107325,0.1,126,1134,38,3,0,1.5,7
131000,0.54,41,1916,38,4,1,2.5,8
166900,0.75,3,1272,38,3,0,1.5,7
127000,0.43,39,960,38,3,0,1.0,6
119000,0.15,65,1152,38,2,0,1.5,4
92509,0.52,13,840,38,2,0,1.0,4
174000,0.46,34,2106,38,5,0,2.0,11
180000,0.52,10,1632,38,3,0,2.0,8
155000,0.41,9,1092,38,3,0,2.0,8
146500,0.44,25,1634,57,3,1,1.5,8
162500,0.46,26,1890,57,3,1,2.5,7
210000,0.48,32,2224,57,5,2,2.5,11
165000,0.65,22,1475,57,3,1,2.0,6
123000,0.08,16,1480,54,3,1,1.5,5
150000,0.58,36,1368,54,3,1,1.0,4
128900,0.14,7,1200,36,3,0,1.0,8
88100,0.14,0,840,36,2,0,1.0,7
175000,0.68,54,1176,47,3,0,2.0,8
120975,0.13,0,1380,36,3,0,2.0,4
147543,0.29,0,1786,36,3,0,2.5,7
118000,0.22,17,1480,54,3,0,1.5,4
199000,0.5,13,1574,54,3,1,1.5,7
79900,0.18,154,950,54,2,0,1.5,5
279000,0.55,14,3178,57,4,1,3.5,12
90000,0.28,16,1342,57,3,0,1.5,7
91900,0.35,20,1336,57,2,1,1.5,5
153000,0.25,10,1542,54,3,0,2.5,6
170000,2.68,11,2272,54,4,1,3.5,8
145200,0.2,15,1480,54,2,1,2.5,4
296000,0.02,8,2506,57,4,2,2.5,10
150000,0.37,1,1852,30,4,0,2.0,6
86000,0.45,19,1055,57,2,1,1.0,7
118000,0.36,21,1392,57,3,0,1.5,7
155000,0.75,53,1608,57,3,1,2.0,5
222500,0.69,15,1564,57,3,1,2.0,6
250000,0.46,17,2068,57,4,1,2.5,10
365000,0.69,13,2516,57,4,0,2.5,11
120000,0.89,14,1684,38,4,0,1.5,5
193000,0.47,18,1481,57,3,0,1.5,5
85568,0.15,67,999,20,3,0,1.0,6
82000,0.46,17,896,20,2,0,1.0,3
225000,0.77,50,792,20,2,1,1.0,7
240000,0.85,34,2747,27,4,2,3.5,12
234900,0.01,1,2277,63,4,0,2.5,8
112000,0.02,19,1281,63,2,1,2.5,6
261000,0.57,14,2462,63,4,1,2.5,10
400000,0.6,9,2897,63,4,2,2.5,12
310000,0.41,4,2672,63,4,1,3.5,8
182000,0.29,21,1932,63,3,0,1.5,8
187500,0.47,11,1320,63,3,0,2.5,7
405000,0.61,6,3296,63,4,1,2.5,12
420000,1.14,6,3279,63,4,1,3.0,11
359000,0.48,4,3204,63,4,1,2.5,9
120000,0.01,16,1217,63,2,0,2.5,6
171500,0.31,37,1782,63,3,1,1.5,6
159900,0.21,16,1180,63,2,1,1.5,6
186500,0.21,16,1452,63,3,1,2.0,8
260000,0.46,13,2140,63,4,1,2.5,8
115000,0.01,16,1219,63,2,0,1.5,6
191000,0.44,39,1518,63,4,1,1.5,5
355465,0.35,0,3328,63,4,1,2.5,12
339900,0.57,10,2344,63,3,0,2.5,10
90000,0.49,74,960,23,2,0,1.0,7
245000,0.04,6,1544,63,3,0,2.5,8
320900,0.46,7,2873,63,4,1,2.5,8
159000,0.22,18,1180,63,2,1,1.5,6
174900,0.62,38,1368,63,3,0,1.5,6
293500,0.49,10,1904,63,4,1,2.5,8
210000,0.51,11,1320,63,3,0,2.0,8
182500,1.0,34,1594,63,3,1,1.5,5
219900,0.46,8,1847,63,3,1,2.5,7
370000,0.46,1,3125,63,4,1,2.5,12
286000,0.47,7,2004,63,4,1,2.5,10
169900,0.49,36,1623,63,3,1,1.5,8
161000,0.23,40,1120,41,3,0,1.0,7
287000,0.36,2,2363,63,5,1,2.5,11
315000,0.94,9,2572,63,4,1,2.5,11
177000,0.34,25,1548,63,3,0,1.5,5
332000,1.0,11,2734,63,3,0,2.5,11
249000,0.53,8,1462,63,3,1,2.0,5
179000,0.09,15,1558,63,2,0,2.5,7
150000,0.52,34,1664,63,3,0,1.5,8
225000,0.37,16,1877,63,4,1,3.0,10
182000,0.33,37,1838,63,3,1,1.0,7
329900,0.5,9,2368,63,4,1,2.5,11
165000,0.33,32,2104,63,5,1,1.5,11
180000,0.31,16,1180,63,2,0,1.5,7
321000,0.53,11,2399,63,4,1,2.5,11
180000,0.11,15,1232,63,2,1,1.5,4
178000,0.14,17,1180,63,2,0,1.5,6
279900,0.55,2,2022,63,4,1,2.5,9
179000,0.14,19,1364,63,2,1,1.5,5
183000,0.15,17,1343,63,2,1,2.5,6
500000,1.0,70,1492,63,3,0,1.0,7
170000,0.37,37,999,63,3,1,1.0,6
179000,0.34,24,2102,54,3,1,2.5,9
184900,0.32,18,1656,54,3,1,1.5,4
177500,0.33,18,1561,54,3,0,1.5,7
112500,0.15,19,988,54,2,0,2.0,7
180000,0.32,17,1765,54,5,1,2.0,9
10300,0.16,20,912,54,2,1,1.5,4
137900,0.16,17,1592,54,3,0,1.5,7
144000,0.06,54,1344,54,5,0,1.0,8
131600,0.16,17,1385,54,2,1,1.5,7
123500,0.15,17,1385,54,2,0,1.5,5
123000,0.15,17,1679,54,2,0,1.5,7
109000,0.15,20,908,54,2,0,1.0,7
173000,0.31,16,1527,54,2,1,2.0,5
105000,0.16,20,912,54,2,0,1.5,3
122500,0.15,18,1184,54,2,0,1.5,3
191000,0.46,26,1719,63,3,1,1.5,7
149000,0.16,19,1080,54,2,1,1.0,6
205000,0.33,16,2118,54,4,1,2.0,9
225000,0.33,16,2527,54,3,0,1.5,10
210000,0.49,15,1592,54,3,1,1.5,8
188900,0.32,18,1294,54,3,0,1.0,4
192000,0.94,33,1974,63,4,1,2.5,8
137500,0.16,17,988,54,2,1,2.0,7
200000,0.36,20,1508,54,3,1,2.0,8
126000,0.16,17,908,54,2,0,1.0,4
214500,0.35,20,1910,54,4,1,2.0,7
152000,0.15,18,912,54,2,0,1.5,5
115000,0.16,20,912,54,2,0,1.5,5
88000,0.16,19,988,54,2,0,2.0,4
170000,0.35,20,1748,54,2,0,2.0,4
137000,0.16,18,912,54,2,1,1.5,3
145000,0.15,17,1385,54,3,0,1.5,8
202000,0.43,15,1300,54,3,0,1.5,7
130000,0.15,17,908,54,2,0,1.0,7
265000,1.0,25,1900,54,3,0,2.0,7
185000,0.33,16,2191,54,3,1,2.5,7
130000,0.16,25,1080,54,2,1,1.0,4
190000,0.59,15,1300,54,3,1,1.5,5
204000,0.4,1,2458,63,4,1,2.5,10
125000,0.35,22,1040,63,3,0,1.0,4
349900,0.44,0,2886,63,4,1,3.0,12
142000,0.14,8,1840,23,3,0,1.0,6
132500,0.37,19,1988,63,2,0,1.0,4
220000,1.0,43,672,57,2,0,1.0,3
160000,1.96,13,1512,57,2,0,2.0,4
10300,0.16,20,912,54,2,1,1.5,6
95000,0.15,19,912,54,2,0,1.5,6
122055,0.15,17,1385,54,2,0,1.5,5
149000,0.31,18,1508,54,3,1,1.5,8
115000,0.15,17,1385,54,2,0,1.5,5
140000,0.15,19,1628,54,3,0,2.5,6
137900,0.16,17,1592,54,3,0,1.5,5
144000,0.06,54,1344,54,5,0,1.0,7
131600,0.16,17,1385,54,2,1,1.5,7
123500,0.15,17,1385,54,2,0,1.5,4
123000,0.15,17,1679,54,2,0,1.5,4
109000,0.15,20,908,54,2,0,1.0,3
173000,0.31,16,1527,54,2,1,2.0,7
105000,0.16,20,912,54,2,0,1.5,3
122500,0.15,18,1184,54,2,0,1.5,3
191000,0.46,26,1719,63,3,1,1.5,5
149000,0.16,19,1080,54,2,1,1.0,5
205000,0.33,16,2118,54,4,1,2.0,10
225000,0.33,16,2527,54,3,0,1.5,8
210000,0.49,15,1592,54,3,1,1.5,7
188900,0.32,18,1294,54,3,0,1.0,4
192000,0.94,33,1974,63,4,1,2.5,9
137500,0.16,17,988,54,2,1,2.0,3
200000,0.36,20,1508,54,3,1,2.0,7
126000,0.16,17,908,54,2,0,1.0,4
214500,0.35,20,1910,54,4,1,2.0,10
152000,0.15,18,912,54,2,0,1.5,7
115000,0.16,20,912,54,2,0,1.5,7
88000,0.16,19,988,54,2,0,2.0,5
170000,0.35,20,1748,54,2,0,2.0,6
137000,0.16,18,912,54,2,1,1.5,6
145000,0.15,17,1385,54,3,0,1.5,7
202000,0.43,15,1300,54,3,0,1.5,4
130000,0.15,17,908,54,2,0,1.0,5
265000,1.0,25,1900,54,3,0,2.0,8
185000,0.33,16,2191,54,3,1,2.5,8
130000,0.16,25,1080,54,2,1,1.0,5
190000,0.59,15,1300,54,3,1,1.5,5
204000,0.4,1,2458,63,4,1,2.5,11
125000,0.35,22,1040,63,3,0,1.0,8
349900,0.44,0,2886,63,4,1,3.0,11
142000,0.14,8,1840,23,3,0,1.0,7
132500,0.37,19,1988,63,2,0,1.0,5
220000,1.0,43,672,57,2,0,1.0,5
160000,1.96,13,1512,57,2,0,2.0,6
156900,0.28,52,1635,63,4,0,1.5,5
138000,0.31,39,1672,63,4,0,1.5,5
166000,0.25,26,1892,63,3,2,2.0,6
195000,0.56,18,1652,63,3,1,2.0,6
295600,0.6,21,2513,63,4,1,2.5,8
460000,0.47,1,3336,63,4,1,3.5,12
126000,0.05,17,1302,63,2,1,1.5,4
220300,0.58,16,2006,63,3,1,2.0,5
175000,0.29,27,1836,63,4,1,1.5,8
255000,1.0,49,1994,60,3,1,2.0,9
185000,0.5,19,1652,63,3,1,2.0,6
234000,0.57,8,1888,63,3,1,2.5,7
133500,0.08,19,1480,63,3,1,1.5,5
151000,0.2,19,1234,63,2,1,2.0,7
157500,0.3,31,1778,63,3,1,1.5,7
285000,0.65,23,2514,63,5,1,2.5,10
217500,0.56,35,2700,63,4,1,2.5,10
300000,0.7,21,2330,63,4,1,3.5,8
161225,0.6,33,2676,63,4,1,2.5,11
217000,2.85,25,2180,60,4,1,2.0,8
250000,0.47,21,2284,63,4,1,2.5,9
124000,0.06,19,1314,63,2,0,1.5,6
248000,0.41,35,2396,63,4,1,2.5,11
187000,0.57,45,2088,63,4,1,2.0,8
195000,0.48,39,2310,63,5,1,2.5,11
239900,0.53,19,2040,63,4,1,2.5,10
475000,12.2,19,2599,63,3,1,2.5,11
246000,0.61,16,1702,63,3,1,1.5,6
219900,0.49,18,2125,63,4,1,2.5,8
193500,0.6,38,2310,63,4,1,2.5,10
122000,0.12,31,1431,63,3,0,1.5,8
118000,0.15,20,924,63,2,0,1.0,7
125000,0.77,126,1799,60,3,1,1.0,6
101000,0.26,23,976,63,3,0,2.0,5
249000,0.66,19,2217,63,4,1,2.5,8
180000,0.57,102,1969,77,4,2,1.0,6
292500,0.47,19,2376,63,3,1,2.5,8
199500,0.48,18,1585,63,3,1,1.5,5
205100,0.46,32,1453,63,4,1,2.0,7
330000,0.57,12,2973,63,4,1,3.0,11
179000,0.43,37,1612,63,3,1,1.5,7
342000,0.58,4,2734,63,3,1,2.5,9
145000,0.15,22,1479,63,3,1,1.5,5
66000,0.14,19,945,63,2,0,1.0,3
269900,0.4,25,1938,63,4,1,2.5,8
154000,0.1,174,1364,63,5,1,1.0,9
454900,0.5,2,3242,63,4,1,2.5,11
249900,0.42,23,1571,63,3,2,2.0,7
165000,0.09,21,1314,63,2,1,1.5,6
329000,0.46,3,2413,63,4,1,1.5,11
49387,0.48,56,900,77,2,1,1.0,5
445000,0.58,0,3157,63,4,1,3.5,10
73000,0.28,102,908,60,2,1,1.0,7
125000,0.13,20,924,63,2,0,1.0,6
146500,0.12,18,1138,63,2,1,1.0,6
209000,0.45,38,2310,63,5,1,2.5,12
196500,0.46,30,1874,63,4,1,2.0,9
157000,0.29,20,1228,63,4,0,1.5,6
125500,0.06,19,1479,63,3,1,1.5,5
190000,0.44,38,1612,63,3,0,1.5,6
250000,0.49,22,2088,63,4,1,2.5,6
255000,0.4,4,2131,63,4,1,2.5,10
129700,0.15,20,924,63,2,1,1.0,5
65000,0.34,74,1692,60,4,0,1.5,8
107000,0.28,82,1568,63,3,0,1.0,7
255000,0.57,35,2262,77,4,1,2.5,9
398000,0.61,8,2960,63,4,1,2.5,10
176000,0.45,31,1683,63,4,1,2.5,8
249900,0.86,36,2680,63,5,1,3.5,12
244900,0.38,26,2742,77,3,1,3.0,8
220000,0.5,30,2012,63,4,1,2.5,10
241000,0.35,31,2702,63,5,1,1.5,9
159900,0.13,21,1314,63,2,1,1.5,6
177555,0.56,38,1672,63,3,1,1.5,8
95000,0.2,55,1200,63,2,0,1.0,4
5000,0.29,4,1700,63,3,1,2.5,6
264900,0.5,40,2652,63,5,1,3.5,12
315000,0.77,16,3062,63,4,1,2.5,9
155000,0.09,25,1290,63,2,1,1.5,5
130000,0.22,23,1012,63,3,0,2.0,5
238000,0.71,35,2310,63,4,1,2.5,7
224000,0.33,31,2026,63,3,1,2.5,7
211000,1.0,18,1404,63,3,0,1.0,6
279000,0.23,13,1782,60,3,0,1.0,8
242000,0.11,15,2002,63,3,1,2.5,8
199875,0.61,36,1782,63,4,1,1.5,7
259900,0.46,11,2212,63,4,1,2.5,10
200000,1.28,84,1872,63,4,0,1.0,7
212000,0.71,36,1804,63,4,1,2.5,7
230000,0.47,41,1910,63,3,1,2.5,5
189000,0.42,28,1632,63,3,1,1.5,7
313635,1.93,16,3824,63,3,2,4.0,12
185000,0.48,32,1196,63,3,0,1.5,5
239900,0.42,30,2259,63,4,1,2.5,11
202000,0.48,39,1690,63,3,1,2.0,6
155000,0.12,19,1227,63,2,1,2.0,6
120000,1.48,57,1278,63,3,1,1.0,7
78000,0.33,77,668,60,1,0,1.0,2
311000,0.46,17,2762,63,4,1,2.5,8
198000,0.32,38,1558,63,3,1,1.0,4
158500,0.92,11,1352,63,3,0,2.0,5
227000,0.46,37,1920,63,5,1,2.5,9
265900,0.34,6,1940,63,3,1,2.5,7
163000,0.23,30,1249,63,3,0,1.5,8
165000,0.28,27,1576,63,3,0,2.5,4
151000,0.07,30,1419,63,3,0,1.5,4
200000,0.29,4,1700,63,3,1,2.5,7
299900,0.77,15,2748,63,4,1,3.5,8
210000,0.33,18,1792,63,3,1,2.5,7
220000,0.66,36,1724,63,3,0,1.5,8
326900,1.0,15,2692,63,3,1,3.5,8
204900,0.39,29,1734,63,4,1,2.5,7
234000,0.31,32,2014,63,3,1,1.5,7
236000,0.42,36,2056,63,4,1,1.5,9
124000,0.46,36,1745,63,4,0,1.5,6
199100,0.14,13,1352,63,2,1,1.5,5
245000,0.5,30,2259,63,4,1,2.5,9
264000,0.35,33,2572,60,3,1,2.5,11
105000,0.15,18,924,63,2,1,1.0,7
187000,0.32,21,2000,63,3,0,1.5,7
127000,0.17,21,929,63,2,0,1.5,6
100000,0.48,42,1540,77,4,0,1.0,7
251000,0.77,44,1730,63,3,1,2.0,9
105000,0.95,50,1500,63,3,1,1.0,5
431250,0.53,10,2522,63,4,1,2.5,12
149900,0.06,19,1479,63,3,1,1.5,4
180000,0.46,36,1922,63,4,1,1.5,9
123500,0.18,20,1215,63,2,1,1.5,5
253000,0.47,33,2772,63,5,2,3.0,12
330000,0.47,6,2574,63,4,0,2.5,12
124500,0.19,21,945,63,2,0,1.0,3
424200,1.82,19,2914,63,4,1,3.5,10
120000,0.21,19,1480,63,3,0,1.5,7
205000,0.42,32,1914,63,3,1,1.5,5
175000,0.36,27,1354,63,3,1,2.0,5
295000,0.49,4,2302,63,4,1,2.5,7
156500,0.21,19,1234,63,2,1,2.0,6
143000,0.09,18,1480,63,3,0,1.5,6
215000,0.29,27,1665,63,4,1,2.0,5
287000,0.4,6,2182,63,3,1,2.5,10
122500,0.23,18,924,63,2,1,1.0,7
180000,1.0,19,1220,63,3,0,2.0,5
143000,0.09,18,1480,63,3,0,1.5,8
137000,0.08,21,1375,63,2,1,1.5,3
271000,0.47,22,2003,63,3,1,2.5,7
129900,0.07,15,1480,54,2,1,2.5,5
133000,0.06,15,1480,54,3,0,1.5,6
179000,0.25,11,1456,54,3,0,1.0,8
302000,0.72,5,1888,57,3,1,2.5,9
168000,0.92,28,1112,54,3,0,1.0,8
120000,0.19,16,1480,54,2,1,1.5,6
119000,0.07,15,1480,54,2,1,2.5,3
168000,0.35,27,1836,54,3,0,2.0,5
124900,0.98,96,1522,54,4,0,2.0,7
415000,2.92,1,2709,36,3,1,2.5,10
150000,0.99,10,1020,57,3,0,2.0,5
310000,4.0,20,2208,36,4,1,2.0,10
157000,0.46,18,1368,57,3,0,1.0,7
205000,0.8,28,2488,57,4,1,2.5,7
275000,0.46,7,1865,57,3,0,2.5,8
320000,0.46,10,3174,57,4,0,4.0,12
380000,0.74,17,2944,57,5,1,2.5,12
119900,0.46,23,960,57,3,0,1.0,4
345000,0.82,15,3142,57,4,1,2.5,11
145000,0.46,32,1666,57,4,1,2.0,9
123000,0.07,77,708,57,2,1,1.0,7
202500,0.79,17,1598,57,3,1,2.0,8
182000,1.0,13,1564,27,3,1,2.0,4
175000,0.63,14,1224,36,3,0,1.5,7
132500,0.21,77,1379,36,3,0,1.0,7
239000,0.41,41,2310,64,4,1,2.5,7
86125,0.01,14,960,33,2,0,1.5,6
245000,1.28,16,960,21,3,0,1.0,8
229900,1.64,52,1820,52,4,2,2.5,7
129000,0.33,95,1632,27,3,0,2.0,4
200000,0.09,90,1594,40,2,0,2.0,3
144200,1.19,16,1290,62,3,0,2.0,5
166000,0.4,11,1560,36,3,0,1.5,7
178000,0.9,46,1453,36,4,1,1.5,7
165000,1.0,40,1664,62,3,1,2.0,8
218000,0.1,18,2169,62,3,1,2.5,10
175000,0.02,9,1420,62,3,0,1.0,8
145000,0.18,71,1441,36,3,0,1.5,8
195000,0.76,4,1016,62,3,0,1.5,5
288139,0.46,0,2947,52,4,1,2.5,10
187500,0.59,11,1652,62,3,0,1.5,5
255000,0.91,105,1927,62,3,0,1.5,7
145000,1.0,11,960,62,3,0,1.0,5
183000,0.46,28,1804,62,3,1,1.5,7
318310,0.23,1,2616,62,4,1,2.5,8
192500,1.2,42,1116,62,2,0,1.5,6
195000,1.0,52,2147,62,2,1,1.5,7
138000,0.87,36,876,62,2,2,1.5,3
230000,0.79,26,2102,62,4,1,2.5,10
237500,1.0,15,1776,62,3,1,1.5,5
375000,4.84,3,1996,62,3,1,3.0,8
105000,0.16,165,1759,35,3,0,1.0,5
168000,1.0,10,1014,62,3,0,1.0,7
221000,0.29,5,2270,35,4,0,2.5,10
135000,0.31,85,1548,27,3,0,1.5,8
129900,0.39,3,1620,35,3,0,2.0,4
344100,1.05,40,2608,52,4,2,2.5,8
112000,1.0,15,1080,35,3,0,2.0,4
380000,0.3,76,1140,50,3,0,2.0,5
125000,0.6,34,1152,36,3,0,1.0,5
145000,5.52,20,1056,36,2,0,1.0,7
190000,0.48,2,1257,62,3,0,2.0,8
135000,0.15,25,936,35,2,1,1.5,3
58500,0.04,30,1140,33,3,0,1.5,5
80500,0.01,14,960,33,2,0,1.5,3
150410,0.25,6,1058,35,2,0,1.5,4
170000,1.0,29,768,35,2,0,1.0,6
242551,2.0,14,2048,52,4,1,2.5,10
176500,0.29,7,1198,33,2,1,2.0,3
212000,1.0,27,2430,50,4,0,1.0,9
135000,0.41,35,918,50,3,0,1.0,7
215000,0.89,46,2722,50,4,1,1.5,11
262000,0.46,0,2364,33,4,1,2.5,8
155000,1.0,15,1440,50,3,0,1.0,4
207000,0.27,27,1744,50,3,0,1.0,7
185000,0.14,105,2280,33,4,0,1.5,10
92200,0.42,130,1736,33,3,0,2.0,5
111000,0.74,95,883,50,1,0,1.0,2
97000,0.1,145,1001,50,2,0,1.0,5
200000,1.73,34,1296,50,3,0,1.0,5
230000,0.47,14,2304,40,3,1,2.5,9
299900,0.62,13,2076,52,3,1,2.5,9
183855,0.34,51,1468,52,4,0,1.0,5
174900,0.34,50,1272,52,3,1,1.5,5
335000,3.28,11,1900,43,3,1,2.5,9
208000,0.47,53,1548,52,3,0,1.5,8
380000,2.0,35,2212,52,4,1,1.5,8
289900,0.3,0,2376,52,4,1,2.5,10
188000,0.41,33,1712,52,3,1,1.5,7
600000,0.99,1,2660,62,4,1,3.5,8
262000,0.29,5,1487,36,3,0,3.0,5
220000,2.03,30,1532,36,3,1,1.5,8
275000,0.61,21,2486,62,4,1,2.5,11
215000,0.46,25,1918,62,3,0,2.0,8
100000,0.51,47,1270,21,3,0,1.0,7
158500,0.17,19,1406,40,2,0,1.5,7
148900,0.15,18,1385,40,2,0,1.5,6
218000,0.45,16,1300,40,3,0,1.5,4
355840,0.87,0,3259,40,4,1,2.5,10
168000,0.08,9,1536,36,3,0,1.5,7
171000,0.58,14,1636,35,4,1,1.5,9
195000,0.41,15,1944,35,3,1,1.5,7
201880,0.46,19,1676,35,3,1,2.0,7
145000,0.47,12,1040,36,3,0,1.0,5
206000,0.01,13,1800,36,3,1,2.5,7
78000,0.14,85,1394,21,3,1,1.5,6
320900,0.47,5,1885,21,2,1,2.0,7
159000,0.61,1,1056,21,3,0,2.0,4
180000,0.16,38,1593,62,3,0,1.5,4
129900,0.05,125,1436,62,4,0,1.0,5
150000,0.38,34,1668,62,4,1,1.5,5
171134,0.25,35,1302,62,3,0,2.0,4
151000,0.37,33,1239,62,3,1,1.0,7
100000,0.31,85,840,62,2,0,1.0,3
655000,0.19,55,780,62,2,0,1.5,6
243500,0.29,3,1728,62,3,0,2.5,7
265000,0.18,140,1666,62,3,0,1.0,8
400000,0.24,4,2022,62,3,1,2.5,7
272800,0.08,46,2225,62,4,1,2.0,9
255000,0.17,115,1023,62,2,0,1.0,6
220000,0.13,17,1290,62,2,0,1.5,4
775000,0.48,31,3968,62,5,4,3.5,12
233000,0.14,129,1699,62,4,0,1.0,9
216977,0.48,27,2137,62,4,0,1.0,9
245000,0.03,5,1428,62,2,1,2.5,4
159000,0.24,35,936,62,3,0,1.0,8
725000,0.21,3,2586,62,4,1,3.0,10
268300,0.16,6,1373,62,3,1,2.0,5
159000,0.28,33,1272,62,3,0,1.0,6
155000,0.3,33,1368,62,3,1,2.0,8
345000,0.29,18,2120,62,4,1,2.5,11
165200,0.3,34,1279,62,2,0,1.0,5
185000,0.53,35,1104,62,2,0,1.0,3
225500,0.28,41,1092,62,3,1,1.0,4
420000,0.11,121,2247,62,4,0,2.0,10
220000,0.18,53,1146,62,4,0,1.5,7
620000,0.53,23,3250,62,3,2,2.5,10
260000,0.35,18,1920,62,4,1,2.5,10
359900,0.5,0,1932,62,3,1,2.0,7
375000,0.14,4,1620,62,3,0,2.5,7
302900,0.22,50,1640,62,3,0,1.0,4
175000,0.17,39,1040,62,5,0,1.5,6
260000,5.35,37,1676,62,4,0,2.0,8
270000,0.33,16,1991,62,3,1,2.5,6
485000,0.24,17,1908,62,4,1,3.5,9
200000,0.57,85,966,62,3,0,1.0,4
367000,0.03,19,1815,62,2,1,2.5,5
175000,0.3,32,1664,62,3,0,1.0,7
203000,0.04,19,1216,62,2,1,2.0,4
170000,0.16,33,1564,62,3,0,2.0,7
375000,0.31,32,2752,62,4,1,2.5,10
159900,0.25,35,936,62,3,0,1.0,4
230000,0.14,95,1617,62,4,0,1.5,9
375000,0.12,69,1452,62,3,1,2.0,5
421000,0.31,5,1911,62,3,1,2.5,6
218000,0.28,31,1580,62,3,0,1.5,4
167850,0.27,34,1920,62,3,1,1.0,5
252500,0.21,80,1155,62,4,0,1.5,7
650000,0.34,3,3770,62,4,1,2.5,12
380000,0.04,18,1675,62,2,1,2.5,6
214500,0.21,33,912,62,3,0,1.0,4
218500,0.17,115,1510,62,3,0,1.0,8
174000,0.16,35,864,62,2,0,1.0,6
225000,0.46,35,1600,62,4,0,2.0,6
309750,0.07,15,1744,62,3,1,2.5,5
658300,0.69,3,3208,62,4,1,2.5,11
203000,0.06,16,1290,62,2,0,1.5,7
375000,0.03,19,1900,62,2,1,2.5,7
62500,1.0,25,2808,35,3,0,1.0,11
205000,0.19,18,1576,35,3,0,1.5,4
84500,0.2,135,1118,35,3,0,1.0,5
280500,1.09,8,1752,35,3,2,2.0,6
182000,0.02,32,1753,35,3,0,1.5,5
571000,1.0,14,2186,62,3,0,2.5,10
168000,0.25,35,1800,62,2,0,1.0,5
354000,0.46,30,2462,62,5,1,2.5,10
238000,0.2,50,1286,62,5,0,2.0,10
182000,0.16,35,1337,62,3,0,1.0,8
218500,0.17,5,1170,62,2,1,2.5,4
227500,0.55,53,1185,62,3,0,1.0,4
375000,0.5,19,2424,62,4,1,2.5,8
399900,0.09,125,1828,62,3,0,1.5,7
360000,0.34,41,2176,62,4,1,2.5,8
412500,0.39,4,2000,62,3,1,2.5,6
268500,0.18,10,1340,62,3,1,2.5,8
300300,0.13,52,1208,62,3,0,1.0,6
382500,0.19,2,2244,62,4,1,2.5,10
189000,0.3,31,1592,62,3,1,1.5,7
295000,0.39,17,1831,62,3,1,2.5,7
220000,0.01,37,1093,62,2,1,1.5,5
223000,0.12,110,1460,62,2,0,1.0,5
399000,0.25,152,2128,62,3,1,1.5,10
169480,0.24,30,1368,62,3,0,1.0,5
347750,0.15,1,2200,62,3,1,2.5,8
455000,0.25,23,2310,62,2,1,3.0,8
249900,0.04,12,1776,62,3,1,2.5,7
250000,0.05,8,1852,62,3,0,2.5,9
265000,0.32,42,1092,62,2,0,2.0,4
670000,0.11,121,2247,62,4,0,2.0,8
195000,0.11,19,1311,62,3,0,1.5,8
360000,0.13,4,1392,62,3,0,2.5,4
175000,0.4,33,1116,62,4,0,1.5,8
166500,0.1,115,812,62,2,0,1.0,4
190100,0.48,27,1872,52,4,1,2.5,8
180500,0.75,8,1248,40,3,0,2.0,5
440000,0.19,3,1702,52,2,0,2.0,4
170000,0.51,57,1346,52,2,1,1.0,4
220000,0.63,20,1596,52,3,1,2.0,6
70500,0.09,57,884,36,3,0,1.0,7
65000,0.13,137,814,36,2,0,1.0,3
127500,0.19,71,720,36,2,0,1.0,5
155000,0.57,28,2051,36,3,0,1.0,5
255500,0.92,11,1590,36,2,1,2.0,6
136000,0.35,39,1202,36,3,0,1.0,6
204000,0.86,16,2016,36,3,0,1.5,5
200000,0.8,6,1274,36,3,1,2.0,6
163000,0.36,40,960,36,3,0,1.0,5
149350,0.44,47,1056,36,3,0,1.0,6
235000,0.25,12,1820,36,3,0,3.5,8
260000,0.65,27,2486,62,4,1,2.5,7
210000,0.46,27,1890,62,3,0,2.5,9
159900,0.7,84,1274,36,4,1,1.0,6
209000,0.55,14,1716,36,4,0,2.0,6
135000,0.35,22,1336,62,2,1,1.5,4
200000,0.96,45,1392,62,3,0,1.0,5
432600,0.54,1,2346,62,4,0,2.5,10
195000,0.47,19,1475,62,3,0,1.5,7
165000,0.52,16,1248,27,3,0,2.0,6
198000,0.15,16,1920,27,4,1,2.5,10
219000,0.65,2,2040,27,4,0,2.5,8
430000,1.34,15,2649,21,3,1,3.0,7
120000,0.17,105,1500,64,3,0,1.0,6
373735,0.53,1,3163,64,4,1,2.5,10
183853,0.14,18,1343,64,2,1,1.5,4
213500,0.46,17,1573,64,3,1,2.0,5
155000,0.09,18,1270,64,3,1,1.5,4
197000,0.41,14,1316,64,3,0,1.5,8
392499,0.48,11,3092,64,4,1,2.5,11
229900,0.44,7,1328,64,3,1,2.5,8
289250,0.42,14,2560,64,4,1,2.5,12
189900,0.12,17,1343,64,2,1,2.5,6
397200,0.46,1,3250,64,4,1,3.0,12
389405,0.35,1,3086,64,3,1,2.5,8
135000,0.66,155,1080,64,2,1,1.0,3
174000,0.13,16,1120,64,2,1,1.5,6
525000,0.46,1,2876,64,5,1,3.5,12
135000,0.01,19,1281,64,2,0,2.5,3
412000,0.62,9,2900,64,4,1,2.5,10
186000,0.08,18,1512,64,2,1,1.5,7
453935,0.58,1,2879,64,4,1,2.5,9
355000,0.69,3,2537,64,4,1,2.0,11
186000,0.35,37,1056,64,3,0,1.0,4
197000,0.14,16,1296,64,2,1,1.5,6
180000,0.13,18,1512,64,2,1,1.5,3
178000,0.47,27,1338,64,3,1,2.0,7
305000,0.33,10,2368,64,4,1,2.5,7
262000,0.46,8,1528,64,3,0,2.5,4
225000,0.89,27,1857,64,4,1,2.5,8
403040,0.49,0,3320,64,4,1,2.5,12
388500,0.46,14,2227,64,4,1,2.5,10
417000,0.13,6,2742,64,4,1,2.5,11
410000,0.5,9,2988,64,5,1,2.5,11
170000,0.35,17,1656,64,3,1,1.5,8
295000,0.01,9,1760,64,3,1,2.5,5
216000,0.38,39,1702,64,4,1,1.5,8
221649,0.37,38,1682,64,3,1,1.5,4
199900,0.21,17,1180,64,2,1,1.5,4
463000,0.64,3,2885,64,4,1,2.5,10
146500,0.02,20,1281,64,2,0,2.5,3
225000,0.24,18,1596,64,3,1,2.0,4
160000,0.16,21,1184,40,3,0,2.0,4
275055,0.46,1,2745,40,4,1,3.0,8
315513,0.46,1,2680,40,4,1,2.5,11
323759,0.35,1,2483,40,3,1,2.5,10
167500,0.92,19,1188,40,3,0,1.0,4
272699,0.3,1,2366,40,4,1,3.0,7
177500,0.31,19,1508,40,3,1,1.5,4
128000,1.0,50,792,40,2,0,1.0,4
317105,0.44,1,3285,40,4,1,2.5,10
144500,0.15,18,1673,40,2,0,2.0,5
260000,0.33,7,2000,64,4,0,2.5,7
244000,0.33,18,1561,40,3,1,1.5,4
287989,0.4,1,2828,40,4,1,3.0,9
159000,0.16,18,1592,40,3,0,1.5,8
167000,0.16,18,1184,40,3,0,2.0,8
348000,0.17,14,1708,40,2,1,2.0,4
140000,0.17,26,1276,40,2,1,2.0,6
145000,0.15,20,1184,40,2,0,1.5,3
150450,0.17,21,908,40,2,0,1.0,5
230000,0.95,15,1612,64,3,1,2.0,6
147423,0.16,19,912,40,2,1,1.5,3
223000,0.33,17,1508,40,3,1,1.5,6
167500,0.16,18,1492,40,3,0,2.5,6
299000,0.1,25,874,40,3,1,1.0,5
235900,0.59,33,1573,64,4,1,2.5,6
147000,0.24,115,1227,64,3,1,1.0,5
305000,0.53,13,2494,64,3,1,2.5,7
154000,0.17,21,912,40,2,0,1.5,7
149000,0.15,20,988,40,2,0,1.0,7
300279,0.54,1,2762,40,4,1,3.0,9
278000,0.64,33,2625,64,4,1,2.5,10
202000,0.47,28,1222,64,2,0,1.0,6
328463,0.49,1,3144,40,4,1,2.5,10
185000,0.45,16,1173,40,3,1,1.0,5
128000,0.17,21,908,40,2,0,1.0,3
335000,0.92,16,2274,64,4,1,2.5,10
148900,0.16,18,908,40,2,0,1.0,4
229900,0.43,16,1540,40,3,0,1.5,6
215000,0.49,28,1196,64,4,1,2.0,7
253000,0.45,16,1780,40,3,1,1.5,9
304065,0.34,1,2670,40,4,1,3.0,8
222000,0.34,26,1581,40,3,1,1.5,5
165000,0.15,18,1592,40,3,0,1.5,7
275000,0.37,14,2011,40,4,1,2.5,8
325000,0.27,105,1391,40,2,1,1.0,4
406000,1.08,15,2636,40,4,3,2.5,8
230000,0.31,19,1656,40,3,1,1.5,6
125000,0.04,130,1518,64,3,0,1.0,8
148000,0.41,84,1182,64,3,1,1.5,8
279000,0.44,9,1836,64,3,0,2.5,8
250000,0.62,14,1529,64,2,1,2.0,6
314940,0.37,0,2715,40,4,1,3.0,10
165900,0.16,21,1184,40,2,0,1.5,3
150000,0.75,14,1120,36,3,0,1.5,6
133000,0.15,15,1008,36,3,0,1.0,4
155000,0.37,18,1008,36,3,0,1.0,7
220000,0.41,57,2077,36,3,1,2.0,7
229000,1.61,26,1572,36,3,0,1.5,4
177000,0.63,34,1874,36,4,0,1.5,9
120000,0.11,50,768,36,2,0,1.0,6
195000,0.29,3,1552,36,3,1,2.5,5
315371,1.0,1,2331,36,4,1,2.5,8
137000,0.36,48,960,36,2,0,1.0,3
225700,0.36,19,1720,64,3,0,1.5,9
204900,0.34,20,1437,64,3,0,1.5,8
189500,0.34,19,1510,64,3,0,2.0,8
374000,0.72,21,3021,28,4,1,2.5,11
319000,0.35,12,1960,64,4,0,2.5,8
294100,0.39,11,2112,64,3,1,2.5,10
440760,0.38,0,2917,64,4,1,3.0,10
128000,0.16,21,912,40,2,1,1.5,4
239505,0.37,1,2244,40,3,1,2.5,10
141700,0.15,18,1202,40,2,0,1.5,4
215500,0.34,19,2601,40,4,1,2.5,10
320210,0.81,1,2492,40,3,1,2.5,9
273495,0.3,1,2680,40,4,0,2.5,11
256350,0.35,1,2271,40,3,1,2.5,6
255000,0.33,17,2012,40,3,1,3.0,6
124000,0.09,13,920,40,3,0,1.0,8
293000,1.94,5,2111,40,3,1,2.0,9
147000,0.15,20,1184,40,3,1,2.0,4
284595,0.32,1,2627,40,4,1,3.0,10
342269,0.39,1,2641,40,4,1,3.0,9
229000,0.51,25,1736,40,3,1,1.5,8
216900,0.31,19,1656,40,3,1,1.5,7
164900,0.15,22,1168,40,3,1,1.5,6
149000,0.15,18,1385,40,2,1,1.5,3
150000,0.18,85,969,64,2,0,1.0,4
214990,0.32,17,1508,40,3,1,1.5,6
173000,0.14,26,1602,40,2,1,1.5,7
149900,0.17,19,912,40,2,1,1.5,4
155000,0.15,18,1128,40,2,0,1.5,3
170000,0.16,18,1514,40,3,1,1.5,5
237500,0.37,19,1535,40,3,0,2.0,5
297065,0.45,1,2722,40,4,0,3.0,9
342202,0.44,1,2711,40,4,1,2.5,9
345264,0.88,1,3020,40,4,1,3.0,11
325046,0.5,1,2712,40,4,0,2.5,10
367000,1.0,19,2556,64,4,1,2.5,8
159900,0.17,21,1184,40,3,0,2.0,4
145000,0.16,21,912,40,2,1,1.5,3
272500,0.32,18,2212,40,4,1,2.5,10
163255,0.09,25,1602,40,2,1,1.5,3
319000,0.47,1,3285,40,4,1,3.0,12
160600,0.15,20,1406,40,2,0,1.5,3
246000,0.34,20,1472,40,3,1,2.0,6
153000,0.17,57,1072,40,2,0,1.0,6
295000,0.48,15,2504,64,5,1,2.5,10
159000,0.16,18,1184,40,2,0,1.5,3
148400,0.15,20,912,40,2,1,1.5,5
311000,0.54,10,2120,40,3,0,2.5,7
314000,0.53,1,3344,40,4,1,3.5,11
250000,0.4,25,2243,40,3,1,2.5,6
149000,0.16,21,908,40,2,0,1.0,3
307890,0.55,1,2714,40,4,0,3.0,12
223000,0.33,18,1360,40,3,1,1.5,8
219000,0.47,27,1719,64,3,1,1.5,5
178000,0.48,28,1404,64,3,1,1.5,6
295925,0.56,0,2134,40,4,1,2.5,9
141160,0.17,20,912,40,2,0,1.5,6
229900,0.34,9,1423,40,3,1,1.5,8
254900,0.33,10,2044,40,3,0,2.0,5
126000,0.85,28,896,36,2,0,1.0,4
176500,0.37,55,1380,36,3,1,1.5,6
161800,0.34,41,960,36,3,0,1.0,7
112200,0.14,44,840,36,2,0,1.0,4
154500,0.54,35,1820,36,4,0,1.5,8
300000,0.92,19,2144,36,3,1,2.5,8
206000,0.1,17,1610,36,3,0,2.0,8
257000,0.75,6,1752,36,3,0,2.5,7
182000,0.38,36,1729,36,4,1,1.5,8
161000,0.59,37,1056,36,3,0,1.0,6
176000,0.42,21,1292,64,3,0,1.5,6
177160,0.41,35,832,64,3,0,1.0,8
355063,0.36,0,2256,64,4,1,2.5,8
213000,0.48,20,1274,64,3,1,2.0,4
266500,0.52,18,1608,64,3,0,2.5,4
285000,0.36,13,1868,64,3,1,2.5,9
178900,0.35,21,1554,64,3,0,1.0,4
300000,0.56,34,3604,64,6,1,3.5,12
211000,0.49,41,1887,64,4,1,2.5,8
451000,2.0,52,1326,64,3,0,1.0,7
201400,0.49,30,1876,64,3,1,2.5,6
195900,0.4,34,1672,64,3,1,0.0,5
190000,0.57,35,2064,64,4,1,2.5,6
150000,0.21,19,1138,64,2,1,1.0,4
206000,1.0,19,1814,64,3,1,1.5,7
285000,0.32,28,2380,64,4,1,1.5,10
120000,0.2,24,976,64,2,0,2.0,3
377500,1.0,21,2886,64,4,2,2.5,9
340000,0.55,8,2483,64,4,1,2.5,10
240000,0.45,35,1846,64,3,1,1.5,6
295000,0.49,17,2592,64,4,1,2.5,12
215000,0.63,21,1792,64,3,0,1.5,9
275000,0.47,35,2588,64,4,1,2.5,10
189000,0.81,53,1210,64,3,0,1.0,7
156000,0.09,26,1290,64,2,1,1.5,3
410000,0.79,11,2444,75,4,1,3.0,11
264500,0.46,34,2376,64,4,2,2.5,9
145500,0.09,20,1480,64,3,0,1.5,4
116500,0.08,22,1375,64,2,0,1.5,4
264500,0.44,40,2676,64,4,1,2.5,11
215000,0.3,32,1778,64,3,1,1.5,6
263000,0.6,28,2570,64,5,1,2.5,12
243000,0.57,9,1272,64,2,0,1.5,6
203000,0.29,30,1852,64,3,1,1.5,6
335000,0.61,10,2298,64,4,1,2.5,9
385000,0.5,7,2259,64,4,1,2.5,9
210000,0.59,38,2426,64,4,1,2.5,7
154000,0.14,20,1480,64,3,1,1.5,5
155000,0.17,20,1244,64,2,0,2.0,6
165000,0.17,22,1479,64,3,0,1.5,4
300000,0.7,15,2358,64,4,0,2.5,7
240000,0.46,33,1453,64,4,1,2.0,9
182000,0.35,40,2080,64,4,1,1.5,10
194000,6.15,64,1960,64,3,1,1.5,9
410000,0.44,3,2600,64,4,1,2.5,10
280000,0.85,18,1897,64,4,1,2.5,7
235000,0.47,37,1872,64,4,1,2.5,9
185000,0.06,27,1260,64,2,1,1.5,6
167000,0.21,21,1228,64,3,1,1.5,5
206500,0.5,35,1956,64,4,0,2.0,7
165000,0.05,19,1480,64,3,0,2.5,6
230000,0.35,42,1793,64,4,1,1.5,9
235000,0.73,34,2078,64,4,1,1.5,6
200500,0.69,26,1666,64,3,1,1.5,4
310000,0.46,21,2378,64,3,1,2.5,9
169900,0.06,27,1452,64,3,1,1.5,5
210500,0.28,22,1792,64,3,1,1.5,5
305000,0.92,16,2290,75,4,1,2.0,7
508000,0.17,1,3511,64,4,1,2.5,12
220000,0.41,39,1922,64,4,0,1.5,9
256000,0.5,20,2263,64,4,1,2.5,11
196900,0.41,35,1672,64,4,0,1.5,6
233000,0.26,30,1902,64,3,1,1.5,5
140000,0.06,20,1479,64,2,1,1.5,7
162900,0.12,20,1314,64,2,1,1.5,5
178000,0.17,18,1302,64,2,0,1.5,4
265000,0.67,40,2310,64,5,1,2.5,10
454900,0.66,9,2880,64,4,1,2.5,11
215000,5.65,53,1948,64,2,1,1.5,5
248000,0.67,16,1613,64,3,1,1.5,8
395000,0.7,16,2803,64,4,1,3.0,10
171500,0.07,20,1479,64,3,1,1.5,4
268000,0.48,27,2147,64,4,1,2.5,10
166500,0.06,20,1314,64,2,1,1.5,4
355000,0.43,7,2330,64,4,1,2.5,7
165000,0.93,13,1352,64,3,0,1.0,8
300000,0.08,34,2276,64,5,1,2.5,10
350000,0.5,18,2162,64,4,1,2.5,9
279900,0.49,19,2091,64,4,1,2.5,8
265000,0.65,37,2564,64,4,1,2.5,8
267000,0.31,33,2050,64,4,0,1.5,9
235000,0.76,38,1768,64,3,0,2.0,5
299900,0.46,18,2497,64,3,1,2.5,9
167000,0.07,26,1290,64,2,1,1.5,7
168000,0.4,149,1776,64,3,0,2.0,8
150000,0.07,21,1480,64,3,0,1.5,6
255000,0.41,21,1910,64,4,0,2.5,6
455000,4.2,29,2828,64,3,1,2.5,10
351100,0.46,3,2535,64,4,1,2.5,10
315000,0.46,36,2576,64,4,1,2.5,12
220000,0.4,21,1500,64,3,0,1.5,7
159000,0.14,20,1480,64,3,0,1.5,8
341000,0.57,16,2250,64,3,1,2.5,8
276000,0.47,19,1831,64,3,1,2.0,5
309000,0.49,19,2214,64,4,1,2.5,10
217021,0.46,31,1846,64,3,0,1.5,7
188500,0.05,19,1302,64,2,0,1.5,6
320000,0.55,33,2212,64,4,1,2.5,9
247000,0.34,40,1783,64,4,1,2.5,10
166000,0.1,21,1480,64,2,1,1.5,7
236000,0.15,37,1794,64,3,0,2.0,6
233900,0.3,32,1918,64,4,1,1.5,6
162740,0.07,21,1480,64,3,1,1.5,8
225000,0.45,35,1756,64,4,1,1.5,7
360000,0.91,17,2499,64,4,1,3.0,7
281520,0.56,34,2310,64,5,1,3.0,8
365000,0.56,0,2950,64,4,1,2.5,12
315000,0.6,20,2702,64,4,3,2.5,10
297900,0.3,15,2288,64,3,1,2.5,8
270000,0.42,35,1838,64,4,0,1.5,7
260000,0.42,27,2310,64,4,1,2.5,10
72000,0.33,85,1152,52,3,0,1.0,6
229500,0.34,22,1577,64,3,0,2.0,8
275000,0.54,19,2175,64,4,1,2.5,10
155000,0.29,23,1375,64,2,0,1.5,4
225570,0.37,27,1616,64,3,1,3.0,8
224000,0.54,38,1954,64,4,1,2.0,10
290000,0.61,34,2728,64,4,1,2.5,10
262000,0.64,35,2553,64,4,1,2.5,9
319900,0.34,3,1963,64,4,1,2.5,8
265000,0.45,43,2564,64,4,1,2.5,11
255000,0.33,19,1792,64,3,1,1.5,7
217300,0.35,40,1663,64,3,1,1.0,8
291000,0.49,6,2070,64,4,1,2.5,6
319000,0.46,26,2588,64,4,1,2.5,12
271500,0.54,35,2276,64,5,1,2.5,9
224900,0.48,45,1732,64,4,0,2.0,7
260000,0.63,39,2310,64,5,1,2.5,9
199900,0.63,38,1742,52,4,1,1.0,10
252659,0.41,36,2802,64,4,1,2.5,8
312500,0.46,16,1902,64,4,1,2.5,6
290000,0.46,22,2030,64,4,1,2.5,10
155000,0.57,59,1498,75,2,1,1.0,7
355000,0.55,20,2116,64,3,1,2.5,10
190000,0.83,37,2108,64,4,1,2.5,10
130000,0.06,16,1480,40,2,1,2.5,4
264000,0.21,1,2427,40,3,0,2.5,9
193980,0.31,12,1348,40,2,0,2.0,5
219900,0.25,13,1391,40,3,0,2.0,8
469900,1.4,2,3422,62,4,1,4.0,12
314230,0.51,1,2686,62,4,1,3.0,10
138900,0.15,14,1034,40,2,0,1.5,3
160000,0.29,14,1072,40,2,0,1.0,7
228000,0.25,12,1512,40,3,0,2.0,8
224400,5.0,17,1008,40,2,0,1.0,5
132870,0.06,17,1480,40,3,1,1.5,5
135600,0.51,34,912,40,3,0,1.0,4
150600,0.07,17,1480,40,3,1,1.5,7
335000,1.25,16,1558,62,3,1,2.0,7
316250,0.04,0,2648,62,4,1,2.5,11
181280,0.39,26,2248,40,4,0,1.0,10
158000,0.73,85,1461,40,3,0,1.0,6
221000,0.23,11,1470,40,3,1,2.5,8
230000,0.5,8,1900,40,3,0,1.5,6
299000,0.1,8,2054,62,4,0,2.5,6
148000,0.07,16,1480,40,2,1,2.5,4
267500,0.24,14,1822,40,3,0,2.0,9
259000,0.01,12,1620,62,3,1,2.5,5
321000,0.1,14,2120,62,4,0,2.5,8
409790,0.27,1,3009,62,5,1,3.5,12
184000,0.45,35,1791,40,4,0,1.0,10
145000,0.07,16,1480,40,2,1,2.5,3
310000,1.75,14,1300,40,3,0,2.0,4
170000,0.07,16,1480,40,3,1,1.5,5
210500,0.02,15,1876,40,3,0,2.0,6
199900,0.24,13,1564,40,3,0,2.0,5
150000,0.28,70,1248,40,3,0,1.5,4
153000,0.11,16,1480,40,2,0,2.5,4
334000,0.55,12,2281,62,4,1,2.5,7
216900,0.4,38,2395,40,3,1,1.5,6
259000,0.05,15,1915,40,4,1,2.5,10
240000,0.3,12,1400,40,3,2,1.5,4
186030,0.37,38,1104,40,4,0,1.0,9
203000,0.43,14,1796,40,3,1,2.5,8
255000,0.13,15,1512,40,3,0,1.5,6
119000,0.09,95,1646,40,3,0,1.0,5
260800,0.5,5,1868,40,3,1,2.5,7
169000,0.19,15,1301,40,3,0,1.5,4
225000,0.95,15,1652,62,3,0,2.0,7
124000,0.35,33,1056,62,3,0,1.0,7
245000,0.51,22,2312,62,3,0,1.5,10
250000,0.48,15,2072,62,3,0,2.5,5
172000,0.46,20,1200,62,2,0,1.0,6
153500,0.48,33,1764,62,3,1,1.5,7
165000,0.02,17,960,62,3,0,1.0,4
159000,0.17,22,988,51,2,0,2.0,4
171500,0.17,19,1514,51,3,0,1.5,7
240000,0.51,13,1320,61,3,0,2.0,7
409550,0.69,1,2719,61,3,1,2.0,9
302000,0.61,11,1796,61,3,1,2.5,6
285000,0.38,4,1709,61,3,1,2.5,5
385900,0.4,1,3008,61,4,1,2.5,11
140595,0.42,71,1350,61,3,0,1.0,5
213000,0.47,20,1200,61,3,0,1.5,7
335000,0.47,3,1857,61,3,1,2.5,6
290000,0.66,15,2305,51,4,1,2.5,11
265000,0.49,1,2184,51,3,1,2.5,10
334000,0.32,116,1668,51,3,0,2.0,7
382406,0.44,1,2712,51,4,1,2.5,12
149300,0.16,20,912,51,2,0,1.5,3
212000,0.34,21,1508,51,3,0,1.5,4
195000,0.46,28,1232,61,3,1,1.0,6
245000,0.36,106,1836,51,4,1,1.5,6
422680,0.16,176,4486,51,6,1,4.0,12
240000,4.21,38,2204,51,3,2,2.0,8
156000,0.16,19,1184,51,3,0,2.0,7
265000,0.49,1,2184,51,3,1,2.5,8
334000,0.32,116,1668,51,3,0,2.0,5
382406,0.44,1,2712,51,4,1,2.5,11
149300,0.16,20,912,51,2,0,1.5,5
212000,0.34,21,1508,51,3,0,1.5,4
195000,0.46,28,1232,61,3,1,1.0,4
171600,0.32,15,960,61,3,0,1.0,4
245000,0.36,106,1836,51,4,1,1.5,8
282000,0.87,12,1836,61,4,1,1.5,6
260000,0.34,42,1803,61,4,0,1.5,6
254500,0.17,9,1463,61,3,1,2.0,8
179900,0.07,27,1290,61,2,1,1.5,7
255000,0.53,38,2310,61,5,1,2.5,10
265000,0.43,40,1664,61,3,1,2.0,4
174000,0.06,21,1479,61,3,0,1.5,8
322000,0.26,7,2483,61,4,1,2.5,8
337000,0.46,4,2480,61,4,1,2.5,10
221450,0.36,121,2699,61,6,1,1.0,12
247000,0.3,28,1676,61,3,1,2.5,8
180000,0.54,38,2816,61,5,1,2.5,10
229900,0.37,26,1966,61,3,0,1.5,7
230000,0.54,39,2112,61,4,1,1.5,9
388000,0.77,9,2762,61,4,1,2.5,12
350000,0.66,23,2184,61,3,1,2.5,9
169700,0.07,22,1480,61,3,0,1.5,7
190000,0.53,39,1624,61,3,0,1.0,4
317500,0.54,19,1650,61,3,1,2.0,4
70000,1.34,34,1313,61,2,0,1.5,3
300000,0.65,19,2600,61,4,1,2.5,11
145400,0.13,22,945,61,2,0,1.0,5
183500,0.28,57,1121,61,3,0,1.5,4
275900,0.81,0,2288,61,3,1,2.5,8
436023,0.41,5,2718,61,4,1,2.5,12
319900,0.58,42,2464,61,4,1,2.5,8
249000,0.43,41,2426,61,4,2,2.0,7
289000,0.38,32,2310,61,5,1,2.5,11
285000,0.94,37,2564,61,4,1,2.5,11
194900,0.39,9,1099,51,2,0,1.0,3
125000,0.24,48,1225,51,3,1,1.0,7
111300,0.59,86,1959,51,3,0,1.0,6
